<?xml version="1.0"?>
<StudyPlan xmlns:xsi="http://www.w3.org/2001/XMLSchema-instance" xmlns:xsd="http://www.w3.org/2001/XMLSchema" Id="1YKXXP">
  <Lessons>
    <Lesson Id="1">
      <Assignments>
        <Assignment Id="1" Name="Eu enim velit adipisicing elit ex" />
      </Assignments>
    </Lesson>
    <Lesson Id="2">
      <Assignments>
        <Assignment Id="2" Name="Esse ut cillum nisi dolor" />
      </Assignments>
    </Lesson>
    <Lesson Id="3">
      <Assignments>
        <Assignment Id="3" Name="Esse nostrud ut magna est" />
        <Assignment Id="4" Name="Tempor consequat proident sint sit ut" />
      </Assignments>
    </Lesson>
  </Lessons>
</StudyPlan>