<?xml version="1.0"?>
<StudyPlan xmlns:xsi="http://www.w3.org/2001/XMLSchema-instance" xmlns:xsd="http://www.w3.org/2001/XMLSchema" Id="43O9SA">
  <Lessons>
    <Lesson Id="1">
      <Assignments>
        <Assignment Id="1" Name="Dolore esse id laborum" />
      </Assignments>
    </Lesson>
    <Lesson Id="2">
      <Assignments>
        <Assignment Id="2" Name="Sit velit culpa veniam id" />
        <Assignment Id="3" Name="Ad nisi anim" />
        <Assignment Id="4" Name="Dolor pariatur quis" />
        <Assignment Id="5" Name="Adipisicing laborum enim dolore" />
        <Assignment Id="6" Name="Sed reprehenderit ex" />
      </Assignments>
    </Lesson>
  </Lessons>
</StudyPlan>