<?xml version="1.0"?>
<StudyPlan xmlns:xsi="http://www.w3.org/2001/XMLSchema-instance" xmlns:xsd="http://www.w3.org/2001/XMLSchema" Id="4W5BRY">
  <Lessons>
    <Lesson Id="1">
      <Assignments>
        <Assignment Id="1" Name="Cillum fugiat sunt" />
        <Assignment Id="2" Name="Nulla sunt fugiat consectetur consequat in" />
        <Assignment Id="3" Name="Consectetur nostrud dolor quis eu" />
      </Assignments>
    </Lesson>
    <Lesson Id="2">
      <Assignments>
        <Assignment Id="4" Name="Ea mollit eiusmod" />
      </Assignments>
    </Lesson>
    <Lesson Id="3">
      <Assignments>
        <Assignment Id="5" Name="Dolore irure commodo officia" />
        <Assignment Id="6" Name="Proident voluptate ut" />
        <Assignment Id="7" Name="Aliqua ex laborum sunt" />
        <Assignment Id="8" Name="Minim tempor dolor cillum" />
      </Assignments>
    </Lesson>
  </Lessons>
</StudyPlan>