<?xml version="1.0"?>
<StudyPlan xmlns:xsi="http://www.w3.org/2001/XMLSchema-instance" xmlns:xsd="http://www.w3.org/2001/XMLSchema" Id="9CPK5M">
  <Lessons>
    <Lesson Id="1">
      <Assignments>
        <Assignment Id="1" Name="In eu dolor magna nostrud"/>
        <Assignment Id="2" Name="Enim nisi et dolor"/>
      </Assignments>
    </Lesson>
    <Lesson Id="2">
      <Assignments>
        <Assignment Id="3" Name="In enim ut reprehenderit"/>
        <Assignment Id="4" Name="Enim dolore eu cillum ut in"/>
        <Assignment Id="5" Name="In laborum dolor veniam"/>
      </Assignments>
    </Lesson>
    <Lesson Id="3">
      <Assignments>
        <Assignment Id="6" Name="Voluptate et quis duis sed" DifficultyLevel="moderate"/>
        <Assignment Id="7" Name="Cupidatat in est occaecat sed"/>
      </Assignments>
    </Lesson>
  </Lessons>
</StudyPlan>
