<?xml version="1.0"?>
<StudyPlan xmlns:xsi="http://www.w3.org/2001/XMLSchema-instance" xmlns:xsd="http://www.w3.org/2001/XMLSchema" Id="9YCPLF">
  <Lessons>
    <Lesson Id="1">
      <Assignments>
        <Assignment Id="1" Name="Adipisicing eiusmod anim sit incididunt cillum"/>
        <Assignment Id="2" Name="In mollit velit exercitation nostrud"/>
        <Assignment Id="3" Name="Magna elit eu cupidatat sed duis"/>
        <Assignment Id="4" Name="Elit incididunt nostrud dolore sed"/>
        <Assignment Id="5" Name="Magna voluptate do"/>
      </Assignments>
    </Lesson>
    <Lesson Id="2">
      <Assignments>
        <Assignment Id="6" Name="Cillum aliquip dolor esse"/>
        <Assignment Id="7" Name="Dolor aliquip consectetur adipisicing proident" DifficultyLevel="moderate"/>
      </Assignments>
    </Lesson>
    <Lesson Id="3">
      <Assignments>
        <Assignment Id="8" Name="Elit culpa in ullamco ex"/>
        <Assignment Id="9" Name="Est ad ut pariatur eiusmod ut"/>
      </Assignments>
    </Lesson>
  </Lessons>
</StudyPlan>
