<?xml version="1.0"?>
<StudyPlan xmlns:xsi="http://www.w3.org/2001/XMLSchema-instance" xmlns:xsd="http://www.w3.org/2001/XMLSchema" Id="AH29D6">
  <Lessons>
    <Lesson Id="1">
      <Assignments>
        <Assignment Id="1" Name="Irure nostrud ea"/>
        <Assignment Id="2" Name="Deserunt officia culpa eu ut in"/>
        <Assignment Id="3" Name="Enim ex sint esse id"/>
        <Assignment Id="4" Name="In pariatur id" DifficultyLevel="easy"/>
        <Assignment Id="5" Name="Eiusmod sint ad"/>
      </Assignments>
    </Lesson>
    <Lesson Id="2">
      <Assignments>
        <Assignment Id="6" Name="Dolor esse sit" DifficultyLevel="easy"/>
        <Assignment Id="7" Name="Proident adipisicing ut id commodo"/>
        <Assignment Id="8" Name="Lorem consequat duis enim id"/>
        <Assignment Id="9" Name="Consectetur culpa magna"/>
      </Assignments>
    </Lesson>
    <Lesson Id="3">
      <Assignments>
        <Assignment Id="10" Name="Do in et tempor"/>
      </Assignments>
    </Lesson>
    <Lesson Id="4">
      <Assignments>
        <Assignment Id="11" Name="Minim pariatur occaecat tempor proident"/>
        <Assignment Id="12" Name="Cupidatat in laboris"/>
        <Assignment Id="13" Name="In id ullamco in incididunt irure"/>
      </Assignments>
    </Lesson>
    <Lesson Id="5">
      <Assignments>
        <Assignment Id="14" Name="Ullamco veniam duis in"/>
        <Assignment Id="15" Name="Ex et sit commodo in in"/>
        <Assignment Id="16" Name="Est commodo aliqua"/>
        <Assignment Id="17" Name="Aute eu enim culpa et"/>
      </Assignments>
    </Lesson>
  </Lessons>
</StudyPlan>
