<?xml version="1.0"?>
<StudyPlan xmlns:xsi="http://www.w3.org/2001/XMLSchema-instance" xmlns:xsd="http://www.w3.org/2001/XMLSchema" Id="ALKTWW">
  <Lessons>
    <Lesson Id="1">
      <Assignments>
        <Assignment Id="1" Name="Irure incididunt nostrud eu dolor excepteur"/>
        <Assignment Id="2" Name="Reprehenderit laborum ut magna consequat"/>
        <Assignment Id="3" Name="Ut elit officia cupidatat ea sed"/>
        <Assignment Id="4" Name="Ut enim voluptate labore"/>
      </Assignments>
    </Lesson>
    <Lesson Id="2">
      <Assignments>
        <Assignment Id="5" Name="Consequat magna consectetur minim tempor"/>
      </Assignments>
    </Lesson>
    <Lesson Id="3">
      <Assignments>
        <Assignment Id="6" Name="Deserunt ex est nostrud commodo in"/>
        <Assignment Id="7" Name="Dolor incididunt duis pariatur cillum aliquip"/>
        <Assignment Id="8" Name="Incididunt laboris sint ex ipsum aliqua"/>
      </Assignments>
    </Lesson>
    <Lesson Id="4">
      <Assignments>
        <Assignment Id="9" Name="Excepteur magna culpa aute"/>
        <Assignment Id="10" Name="Eiusmod mollit incididunt"/>
        <Assignment Id="11" Name="Tempor incididunt id in"/>
        <Assignment Id="12" Name="Culpa tempor eu ut nulla" DifficultyLevel="easy"/>
      </Assignments>
    </Lesson>
  </Lessons>
</StudyPlan>
