<?xml version="1.0"?>
<StudyPlan xmlns:xsi="http://www.w3.org/2001/XMLSchema-instance" xmlns:xsd="http://www.w3.org/2001/XMLSchema" Id="H0QTE8">
  <Lessons>
    <Lesson Id="1">
      <Assignments>
        <Assignment Id="1" Name="Eiusmod do incididunt laborum proident quis"/>
        <Assignment Id="2" Name="Aliquip magna ad est excepteur laboris"/>
      </Assignments>
    </Lesson>
    <Lesson Id="2">
      <Assignments>
        <Assignment Id="3" Name="Proident aute eu pariatur"/>
        <Assignment Id="4" Name="Enim incididunt in reprehenderit laboris qui"/>
      </Assignments>
    </Lesson>
    <Lesson Id="3">
      <Assignments>
        <Assignment Id="5" Name="Excepteur do laborum lorem aliquip"/>
        <Assignment Id="6" Name="Sit dolore dolor exercitation"/>
        <Assignment Id="7" Name="Ipsum consequat in qui veniam"/>
        <Assignment Id="8" Name="Dolore mollit ex"/>
        <Assignment Id="9" Name="Eu non labore" DifficultyLevel="moderate"/>
      </Assignments>
    </Lesson>
    <Lesson Id="4">
      <Assignments>
        <Assignment Id="10" Name="Sit fugiat ut mollit"/>
      </Assignments>
    </Lesson>
  </Lessons>
</StudyPlan>
