<?xml version="1.0"?>
<StudyPlan xmlns:xsi="http://www.w3.org/2001/XMLSchema-instance" xmlns:xsd="http://www.w3.org/2001/XMLSchema" Id="JSNKWB">
  <Lessons>
    <Lesson Id="1">
      <Assignments>
        <Assignment Id="1" Name="Nisi ut veniam irure in dolor"/>
        <Assignment Id="2" Name="Sit pariatur et id amet ut" DifficultyLevel="moderate"/>
      </Assignments>
    </Lesson>
    <Lesson Id="2">
      <Assignments>
        <Assignment Id="3" Name="Sint cupidatat et"/>
        <Assignment Id="4" Name="Ut aliqua sed sint"/>
      </Assignments>
    </Lesson>
    <Lesson Id="3">
      <Assignments>
        <Assignment Id="5" Name="Duis in velit do enim"/>
        <Assignment Id="6" Name="Nostrud eiusmod nulla"/>
        <Assignment Id="7" Name="Ut in irure ut"/>
        <Assignment Id="8" Name="Qui veniam nulla dolore"/>
        <Assignment Id="9" Name="Deserunt eu veniam reprehenderit" DifficultyLevel="moderate"/>
      </Assignments>
    </Lesson>
  </Lessons>
</StudyPlan>
