<?xml version="1.0"?>
<StudyPlan xmlns:xsi="http://www.w3.org/2001/XMLSchema-instance" xmlns:xsd="http://www.w3.org/2001/XMLSchema" Id="M9K3HD">
  <Lessons>
    <Lesson Id="1">
      <Assignments>
        <Assignment Id="1" Name="Est aliqua proident in mollit"/>
        <Assignment Id="2" Name="Lorem dolore dolor quis eiusmod qui" DifficultyLevel="easy"/>
        <Assignment Id="3" Name="Esse irure lorem veniam"/>
      </Assignments>
    </Lesson>
    <Lesson Id="2">
      <Assignments>
        <Assignment Id="4" Name="Nisi nulla ut velit"/>
        <Assignment Id="5" Name="Consequat ipsum fugiat sunt do aliqua"/>
      </Assignments>
    </Lesson>
    <Lesson Id="3">
      <Assignments>
        <Assignment Id="6" Name="Lorem tempor nulla adipisicing"/>
        <Assignment Id="7" Name="Cupidatat labore mollit incididunt reprehenderit"/>
        <Assignment Id="8" Name="Incididunt mollit consequat"/>
      </Assignments>
    </Lesson>
  </Lessons>
</StudyPlan>
