<?xml version="1.0"?>
<StudyPlan xmlns:xsi="http://www.w3.org/2001/XMLSchema-instance" xmlns:xsd="http://www.w3.org/2001/XMLSchema" Id="R069DT">
  <Lessons>
    <Lesson Id="1">
      <Assignments>
        <Assignment Id="1" Name="Occaecat sint ullamco aliqua" />
      </Assignments>
    </Lesson>
    <Lesson Id="2">
      <Assignments>
        <Assignment Id="2" Name="Reprehenderit ullamco sed" />
        <Assignment Id="3" Name="Dolore ullamco reprehenderit amet esse" />
        <Assignment Id="4" Name="Reprehenderit sed velit" />
      </Assignments>
    </Lesson>
    <Lesson Id="3">
      <Assignments>
        <Assignment Id="5" Name="Id veniam nisi culpa reprehenderit consequat" />
      </Assignments>
    </Lesson>
    <Lesson Id="4">
      <Assignments>
        <Assignment Id="6" Name="Veniam id sit et magna" />
      </Assignments>
    </Lesson>
    <Lesson Id="5">
      <Assignments>
        <Assignment Id="7" Name="In veniam duis aute" />
        <Assignment Id="8" Name="Sint ut excepteur cupidatat" />
      </Assignments>
    </Lesson>
  </Lessons>
</StudyPlan>