<?xml version="1.0"?>
<StudyPlan xmlns:xsi="http://www.w3.org/2001/XMLSchema-instance" xmlns:xsd="http://www.w3.org/2001/XMLSchema" Id="T3D9HH">
  <Lessons>
    <Lesson Id="1">
      <Assignments>
        <Assignment Id="1" Name="Fugiat nulla ut dolor occaecat" />
        <Assignment Id="2" Name="Nostrud incididunt enim proident pariatur" />
        <Assignment Id="3" Name="Velit nostrud excepteur ut labore ipsum" />
      </Assignments>
    </Lesson>
    <Lesson Id="2">
      <Assignments>
        <Assignment Id="4" Name="Enim tempor nisi amet irure" />
        <Assignment Id="5" Name="Sint anim in lorem proident esse" />
        <Assignment Id="6" Name="Velit incididunt occaecat consequat eiusmod laboris" />
        <Assignment Id="7" Name="Deserunt pariatur non enim laboris" />
      </Assignments>
    </Lesson>
    <Lesson Id="3">
      <Assignments>
        <Assignment Id="8" Name="Excepteur dolore ut eiusmod laborum aute" />
        <Assignment Id="9" Name="Dolor in consectetur" />
      </Assignments>
    </Lesson>
    <Lesson Id="4">
      <Assignments>
        <Assignment Id="10" Name="Anim ea in" />
        <Assignment Id="11" Name="Dolor ea excepteur labore" />
      </Assignments>
    </Lesson>
  </Lessons>
</StudyPlan>