<?xml version="1.0"?>
<StudyPlan xmlns:xsi="http://www.w3.org/2001/XMLSchema-instance" xmlns:xsd="http://www.w3.org/2001/XMLSchema" Id="YJE0UY">
  <Lessons>
    <Lesson Id="1">
      <Assignments>
        <Assignment Id="1" Name="Amet est aliqua dolor non" />
        <Assignment Id="2" Name="Dolore aute dolor" />
        <Assignment Id="3" Name="Dolore fugiat voluptate nulla do" />
        <Assignment Id="4" Name="Nostrud do minim fugiat" />
      </Assignments>
    </Lesson>
    <Lesson Id="2">
      <Assignments>
        <Assignment Id="5" Name="Quis dolor exercitation" />
        <Assignment Id="6" Name="Eu nisi adipisicing laborum reprehenderit" />
        <Assignment Id="7" Name="Ad deserunt consequat ipsum" />
      </Assignments>
    </Lesson>
    <Lesson Id="3">
      <Assignments>
        <Assignment Id="8" Name="Quis proident irure officia aliquip velit" />
        <Assignment Id="9" Name="In dolor ut est nulla" />
        <Assignment Id="10" Name="Aute qui amet ex" />
        <Assignment Id="11" Name="Deserunt incididunt ex ullamco sit magna" />
      </Assignments>
    </Lesson>
    <Lesson Id="4">
      <Assignments>
        <Assignment Id="12" Name="Sed aliqua proident labore" />
        <Assignment Id="13" Name="Elit incididunt eiusmod cupidatat" />
        <Assignment Id="14" Name="Sunt cupidatat ullamco anim" />
        <Assignment Id="15" Name="Tempor proident in" />
        <Assignment Id="16" Name="Pariatur ut cupidatat" />
      </Assignments>
    </Lesson>
  </Lessons>
</StudyPlan>