<?xml version="1.0"?>
<StudyPlan xmlns:xsi="http://www.w3.org/2001/XMLSchema-instance" xmlns:xsd="http://www.w3.org/2001/XMLSchema" Id="ZKPERV">
  <Lessons>
    <Lesson Id="1">
      <Assignments>
        <Assignment Id="1" Name="In occaecat sunt incididunt dolore do" />
        <Assignment Id="2" Name="Fugiat adipisicing aute enim occaecat do" />
        <Assignment Id="3" Name="Proident eiusmod enim in" />
        <Assignment Id="4" Name="Magna ut exercitation ex consequat" />
      </Assignments>
    </Lesson>
  </Lessons>
</StudyPlan>